浙江华津依科生物制药有限责任公司,2018-04-03 00:00:00
杭州拜华诺生物工程有限公司,2018-04-03 00:00:00
杭州思筑智能设备有限公司,2018-04-04 00:00:00
杭州旭航网络科技有限公司,2018-04-04 00:00:00
杭州施江银电气集团有限公司,2018-04-04 00:00:00
杭州淘租公科技有限公司,2018-04-04 00:00:00
杭州树熊网络有限公司,2018-04-08 00:00:00
杭州聚积宝网络科技有限公司,2018-04-08 00:00:00
杭州新万利电子有限公司,2018-04-09 00:00:00
浙江豪博科技有限公司,2018-04-09 00:00:00
格林生物科技股份有限公司,2018-04-09 00:00:00
杭州盛格软控机电有限公司,2018-04-11 00:00:00
杭州希垦信息科技有限公司,2018-04-12 00:00:00
浙江智新泽地科技发展有限公司,2018-04-12 00:00:00
杭州淘租公科技有限公司,2018-04-13 00:00:00
杭州本松新材料技术股份有限公司,2018-04-13 00:00:00
杭州云之鼎数据科技有限公司,2018-04-13 00:00:00
杭州东创科技股份有限公司,2018-04-17 00:00:00
杭州六象电子技术有限责任公司,2018-04-17 00:00:00
,
,
,
,
,
,
,
,
,
,
,
,
,
,
,
,
,
,
,
,
,
